<MAIN_NODE>

	<COMP>
		<NAME>machine_name</NAME>
		<IP>123.123.123.123</IP>
		<DOMAIN>domain_name</DOMAIN>
		<APPLICATION_INSTALLED> my_app_name </APPLICATION_INSTALLED>
		<OWNED_BY_TEAM> ownersip_team </OWNED_BY_TEAM>
	</COMP>

	<COMP>
		<NAME>machine_name2</NAME>
		<IP>124.124.124.124</IP>
		<DOMAIN>domain_name2</DOMAIN>
		<APPLICATION_INSTALLED> my_app_name2 </APPLICATION_INSTALLED>
		<OWNED_BY_TEAM> ownersip_team </OWNED_BY_TEAM>
	</COMP>


	<ADDITIONAL_INFO>
		<SERVICES_INSTALLED>BITS,AAA,BBB</SERVICES_INSTALLED>
		<CPU_THREASHOLD_PERCENT>70</CPU_THREASHOLD_PERCENT>
		<RAM_THREASHOLD_PERCENT>90</RAM_THREASHOLD_PERCENT>
	</ADDITIONAL_INFO>

</MAIN_NODE>